Time,Status,vpv1,vpv2,vpv3,vBat,SOC,ppv1,ppv2,ppv3,pCharge,pDisCharge,vacr,vacs,vact,fac,pinv,prec,pf,vepsr,vepss,vepst,feps,peps,seps,pToGrid,pToUser,pLoad,ePv1Day,ePv2Day,ePv3Day,eInvDay,eRecDay,eChgDay,eDisChgDay,eEpsDay,eToGridDay,eToUserDay,ePv1All,ePv2All,ePv3All,eInvAll,eRecAll,eChgAll,eDisChgAll,eEpsAll,eToGridAll,eToUserAll,faultCode,warningCode,tinner,tradiator1,tradiator2,tradiator3,tBat,vBus1,vBus2,maxChgCurr,maxDischgCurr,chargeVoltRef,dischgCutVolt,batStatus0,batStatus1,batStatus2,batStatus3,batStatus4,batStatus5,batStatus6,batStatus7,batStatus8,batStatus9,batStatusInv,internalFault,BatCurrent,BMSEvent1,BMSEvent2,MaxCellVoltage,MinCellVoltage,MaxCellTemp,MinCellTemp,BMSFWUpdateState,CycleCnt,Vbat_Inv,vBusP,genVolt,genFreq,genPower,eGenDay,eGenAll,SOH,epsVoltL1N,epsVoltL2N,pEpsL1N,pEpsL2N,sEpsL1N,sEpsL2N,eEpsL1NDay,eEpsL2NDay,eEpsL1NAll,eEpsL2NAll,afciCurrCh1(mA) (140),afciCurrCh2(mA) (141),afciCurrCh3(mA) (142),afciCurrCh4(mA) (143),afciFlag (144),afciArcCh1 (145),afciArcCh2 (146),afciArcCh3 (147),afciArcCh4 (148),afciMaxArcCh1 (149),afciMaxArcCh2 (150),afciMaxArcCh3 (151),afciMaxArcCh4 (152)
2026/06/01 08:58:26,PV Charge + Grid on,347.9,9.7,3.5,53,30%,1786,1,0,1157,0,242.5,26.1,2,60.02,580,0,1,243.9,5192.9,1546.6,60.02,0,0,0,0,571,1.2,0,0,5.5,0,0.4,5,0,0,4.8,5085.6,2.1,0.6,5273.2,824.6,2575.8,2196.2,1.1,1802,4711.8,0x0,0x0,39,44,40,38,2,373,319.9,100,200,56,45,0x00,0x00,0x00,0x00,0x00,0xC0,0x00,0x00,0x00,0x00,0x03,0x2C00,21.3,0x00,0x00,3.316,3.311,25,24,0,525,53,186.7,0,0,0,0,0,100%,121.3,121.2,0,0,0,0,0,0,1.1,1.1,1190,1194,77,813,0x278,14612,21,0,2305,0,0,0,0
2026/06/01 09:02:27,PV Charge + Grid on,345.4,9.2,3.5,53,31%,1688,1,0,1070,0,242.9,26.1,2,59.99,535,0,1,244.1,5192.9,1546.6,59.99,0,0,0,0,534,1.3,0,0,5.5,0,0.4,5,0,0,4.8,5085.7,2.1,0.6,5273.2,824.6,2575.8,2196.2,1.1,1802,4711.8,0x0,0x0,39,44,41,38.1,2,373.6,320,100,200,56,45,0x00,0x00,0x00,0x00,0x00,0xC0,0x00,0x00,0x00,0x00,0x03,0x2C00,19.7,0x00,0x00,3.319,3.314,25,24,0,525,53,187,0,0,0,0,0,100%,121.3,121.4,0,0,0,0,0,0,1.1,1.1,1190,1198,77,813,0x278,14612,21,0,2305,0,0,0,0
2026/06/01 09:06:30,PV Charge + Grid on,336.2,7.9,3.5,53,32%,987,0,0,565,0,243.9,26.1,2,60.02,381,0,1,245,5192.9,1546.6,60.02,0,0,0,0,391,1.4,0,0,5.6,0,0.5,5,0,0,4.8,5085.8,2.1,0.6,5273.3,824.6,2575.9,2196.2,1.1,1802,4711.8,0x0,0x0,39,44,41,38.2,2,373.9,318.9,100,200,56,45,0x00,0x00,0x00,0x00,0x00,0xC0,0x00,0x00,0x00,0x00,0x03,0x2C00,9.7,0x00,0x00,3.317,3.312,25,24,0,525,52.9,187.2,0,0,0,0,0,100%,121.8,122.1,0,0,0,0,0,0,1.1,1.1,1190,1201,77,301,0x278,14612,21,0,2305,0,0,0,0
2026/06/01 09:21:16,PV Charge + Grid on,343,3.5,2.7,53,34%,1594,0,0,977,0,242.2,26.1,2,60,586,0,1,243.4,5192.9,1546.6,60,0,0,0,0,561,1.7,0,0,5.7,0,0.7,5,0,0,4.8,5086.1,2.1,0.6,5273.4,824.6,2576.1,2196.2,1.1,1802,4711.8,0x0,0x0,39,45,41,38.4,2,372.6,320,100,200,56,45,0x00,0x00,0x00,0x00,0x00,0xC0,0x00,0x00,0x00,0x00,0x03,0x2C00,17,0x00,0x00,3.321,3.317,25,24,0,525,53,186.5,0,0,0,0,0,100%,121.1,121,0,0,0,0,0,0,1.1,1.1,1193,1193,77,813,0x278,14612,21,0,2305,0,0,0,0
2026/06/01 09:25:16,PV Charge + Grid on,346.6,9.3,3.6,53.1,34%,1697,1,0,1094,0,242.3,26.1,2,59.99,540,0,1,243.4,5192.9,1546.6,59.99,0,0,0,0,497,1.8,0,0,5.7,0,0.8,5,0,0,4.8,5086.2,2.1,0.6,5273.4,824.6,2576.2,2196.2,1.1,1802,4711.8,0x0,0x0,39,45,41,38.4,2,372.9,320.6,100,200,56,45,0x00,0x00,0x00,0x00,0x00,0xC0,0x00,0x00,0x00,0x00,0x03,0x2C00,19.5,0x00,0x00,3.325,3.321,25,24,0,525,53.1,186.6,0,0,0,0,0,100%,121.6,121.7,0,0,0,0,0,0,1.1,1.1,1189,1196,78,813,0x278,14612,21,0,2305,0,0,0,0
2026/06/01 09:29:20,PV Charge + Grid on,345.9,8.9,3.6,53.1,35%,1725,1,0,1136,0,243,26.1,2,60.01,516,0,1,243.4,5192.9,1546.6,60.01,0,0,0,0,609,2,0,0,5.7,0,0.9,5,0,0,4.8,5086.4,2.1,0.6,5273.4,824.6,2576.3,2196.2,1.1,1802,4711.8,0x0,0x0,40,45,41,38.4,2,372.6,320.8,100,200,56,45,0x00,0x00,0x00,0x00,0x00,0xC0,0x00,0x00,0x00,0x00,0x03,0x2C00,20.1,0x00,0x00,3.326,3.323,25,24,0,525,53.1,186.5,0,0,0,0,0,100%,121.6,121.4,0,0,0,0,0,0,1.1,1.1,1189,1194,78,813,0x278,14612,21,0,2305,0,0,0,0
2026/06/01 09:33:20,PV Charge + Grid on,341.5,6,3.5,53.2,35%,1809,0,0,1164,0,242.7,26.1,2,59.99,524,0,1,243.7,5192.9,1546.6,59.99,0,0,0,0,543,2.1,0,0,5.8,0,0.9,5,0,0,4.8,5086.5,2.1,0.6,5273.5,824.6,2576.3,2196.2,1.1,1802,4711.8,0x0,0x0,40,45,41,38.5,2,372.9,321.3,100,200,56,45,0x00,0x00,0x00,0x00,0x00,0xC0,0x00,0x00,0x00,0x00,0x03,0x2C00,21.3,0x00,0x00,3.328,3.326,25,24,0,525,53.2,186.7,0,0,0,0,0,100%,121.3,121.2,0,0,0,0,0,0,1.1,1.1,1190,1196,77,813,0x278,14612,21,0,2305,0,0,0,0
2026/06/01 09:37:23,PV Charge + Grid on,338.8,3.3,3.4,53.2,36%,1826,0,0,1244,0,242.5,26.1,2,59.99,530,0,1,243.7,5192.9,1546.6,59.99,0,0,0,0,490,2.2,0,0,5.8,0,1,5,0,0,4.8,5086.6,2.1,0.6,5273.5,824.6,2576.4,2196.2,1.1,1802,4711.8,0x0,0x0,40,45,42,38.6,2,372.9,321.4,100,200,56,45,0x00,0x00,0x00,0x00,0x00,0xC0,0x00,0x00,0x00,0x00,0x03,0x2C00,21.7,0x00,0x00,3.329,3.326,25,24,0,525,53.2,186.6,0,0,0,0,0,100%,121.1,121.4,0,0,0,0,0,0,1.1,1.1,1189,1198,77,813,0x278,14612,21,0,2305,0,0,0,0
2026/06/01 09:41:24,PV Charge + Grid on,334.7,3.5,3.3,53.2,37%,1895,0,0,1454,0,242.5,26.1,2,60.01,405,0,1,243.7,5192.9,1546.6,60.01,0,0,0,0,413,2.3,0,0,5.8,0,1.1,5,0,0,4.8,5086.7,2.1,0.6,5273.5,824.6,2576.5,2196.2,1.1,1802,4711.8,0x0,0x0,40,45,42,38.7,2,373,321.9,100,200,56,45,0x00,0x00,0x00,0x00,0x00,0xC0,0x00,0x00,0x00,0x00,0x03,0x2C00,26.2,0x00,0x00,3.332,3.33,25,24,0,525,53.2,186.7,0,0,0,0,0,100%,121.3,121.9,0,0,0,0,0,0,1.1,1.1,1187,1199,77,1069,0x278,14612,21,0,2305,0,0,0,0
2026/06/01 09:45:26,PV Charge + Grid on,335.4,3.8,3.2,53.3,38%,1941,0,0,1516,0,242.8,26.1,2,60.01,335,0,1,243.9,5192.9,1546.6,60.01,0,0,0,0,417,2.4,0,0,5.9,0,1.2,5,0,0,4.8,5086.8,2.1,0.6,5273.6,824.6,2576.6,2196.2,1.1,1802,4711.8,0x0,0x0,40,45,42,38.8,2,372.6,322.3,100,200,56,45,0x00,0x00,0x00,0x00,0x00,0xC0,0x00,0x00,0x00,0x00,0x03,0x2C00,27,0x00,0x00,3.333,3.331,25,24,0,525,53.3,186.5,0,0,0,0,0,100%,121.3,121.7,0,0,0,0,0,0,1.1,1.1,1190,1199,78,1069,0x278,14612,21,0,2305,0,0,0,0
2026/06/01 09:49:28,PV Charge + Grid on,334.7,3.8,3.1,53.3,39%,2028,0,0,1541,0,242.9,26.1,2,60.01,417,0,1,244.1,5192.9,1546.6,60.01,0,0,0,0,440,2.6,0,0,5.9,0,1.3,5,0,0,4.8,5087,2.1,0.6,5273.6,824.6,2576.7,2196.2,1.1,1802,4711.8,0x0,0x0,41,46,42,39,2,372.7,322.3,100,200,56,45,0x00,0x00,0x00,0x00,0x00,0xC0,0x00,0x00,0x00,0x00,0x03,0x2C00,28,0x00,0x00,3.333,3.331,25,24,0,525,53.3,186.5,0,0,0,0,0,100%,120.9,121.2,0,0,0,0,0,0,1.1,1.1,1190,1200,78,1069,0x278,14612,21,0,2305,0,0,0,0
2026/06/01 09:53:29,PV Charge + Grid on,333.9,4,2.8,53.3,40%,2077,0,0,1631,0,242.7,26.1,2,60,374,0,1,243.9,5192.9,1546.6,60,0,0,0,0,381,2.7,0,0,5.9,0,1.4,5,0,0,4.8,5087.1,2.1,0.6,5273.6,824.6,2576.8,2196.2,1.1,1802,4711.8,0x0,0x0,40,46,42,39.2,2,373.1,322.5,100,200,56,45,0x00,0x00,0x00,0x00,0x00,0xC0,0x00,0x00,0x00,0x00,0x03,0x2C00,29,0x00,0x00,3.334,3.332,25,25,0,525,53.3,186.8,0,0,0,0,0,100%,121.1,121.4,0,0,0,0,0,0,1.1,1.1,1189,1198,77,1069,0x278,14612,21,0,2305,0,0,0,0
2026/06/01 09:57:31,PV Charge + Grid on,332.9,4.2,2.7,53.3,41%,2139,0,0,1482,0,243,26.1,2,60,571,0,1,244.1,5192.9,1546.6,60,0,0,0,0,485,2.9,0,0,5.9,0,1.5,5,0,0,4.8,5087.3,2.1,0.6,5273.6,824.6,2576.9,2196.2,1.1,1802,4711.8,0x0,0x0,41,46,43,39.3,2,372.7,322.2,100,200,56,45,0x00,0x00,0x00,0x00,0x00,0xC0,0x00,0x00,0x00,0x00,0x03,0x2C00,27.2,0x00,0x00,3.333,3.331,26,25,0,525,53.3,186.5,0,0,0,0,0,100%,121.1,121.2,0,0,0,0,0,0,1.1,1.1,1188,1196,77,1069,0x278,14612,21,0,2305,0,0,0,0
2026/06/01 10:01:33,PV Charge + Grid on,330.9,4.8,2.7,53.3,42%,2173,0,0,1526,0,243.2,26.1,2,59.99,541,0,1,244.3,5192.9,1546.6,59.99,0,0,0,0,520,3,0,0,6,0,1.6,5,0,0,4.8,5087.4,2.1,0.6,5273.7,824.6,2577,2196.2,1.1,1802,4711.8,0x0,0x0,41,46,43,39.5,2,373.7,322.3,100,200,56,45,0x00,0x00,0x00,0x00,0x00,0xC0,0x00,0x00,0x00,0x00,0x03,0x2C00,27.3,0x00,0x00,3.333,3.331,26,25,0,525,53.3,187.1,0,0,0,0,0,100%,121.6,121.4,0,0,0,0,0,0,1.1,1.1,1196,1202,77,1069,0x278,14612,21,0,2305,0,0,0,0
2026/06/01 10:05:34,PV Charge + Grid on,331.4,4.8,2.8,53.3,43%,2248,0,0,1559,0,243.1,26.1,2,60.02,601,0,1,244.3,5192.9,1546.6,60.02,0,0,0,0,581,3.2,0,0,6,0,1.7,5,0,0,4.8,5087.6,2.1,0.6,5273.7,824.6,2577.1,2196.2,1.1,1802,4711.8,0x0,0x0,41,46,43,39.6,2,374,322.4,100,200,56,45,0x00,0x00,0x00,0x00,0x00,0xC0,0x00,0x00,0x00,0x00,0x03,0x2C00,28.8,0x00,0x00,3.334,3.332,26,25,0,525,53.3,187.2,0,0,0,0,0,100%,122,121.9,0,0,0,0,0,0,1.1,1.1,1192,1199,77,1325,0x278,14612,21,0,2305,0,0,0,0
2026/06/01 10:09:36,PV Charge + Grid on,329.5,5.1,2.8,53.3,44%,2275,0,0,1631,0,242.4,26.1,2,59.98,512,0,1,243.2,5192.9,1546.6,59.98,0,0,0,0,491,3.3,0,0,6.1,0,1.8,5,0,0,4.8,5087.7,2.1,0.6,5273.8,824.6,2577.2,2196.2,1.1,1802,4711.8,0x0,0x0,41,46,43,39.8,2,373.2,322.5,100,200,56,45,0x00,0x00,0x00,0x00,0x00,0xC0,0x00,0x00,0x00,0x00,0x03,0x2C00,29.5,0x00,0x00,3.335,3.333,26,25,0,525,53.3,186.8,0,0,0,0,0,100%,121.3,120.8,0,0,0,0,0,0,1.1,1.1,1194,1196,78,1069,0x278,14612,21,0,2305,0,0,0,0
2026/06/01 10:13:38,PV Charge + Grid on,327.6,6.1,2.9,53.3,45%,2353,0,0,1904,0,243.1,26.1,2,60.02,387,0,1,245,5192.9,1546.6,60.02,0,0,0,0,375,3.5,0,0,6.1,0,1.9,5,0,0,4.8,5087.9,2.1,0.6,5273.8,824.6,2577.3,2196.2,1.1,1802,4711.8,0x0,0x0,41,46,44,40,2,374.1,323.2,100,200,56,45,0x00,0x00,0x00,0x00,0x00,0xC0,0x00,0x00,0x00,0x00,0x03,0x2C00,33.9,0x00,0x00,3.338,3.335,26,25,0,525,53.4,187.3,0,0,0,0,0,100%,121.8,121.9,0,0,0,0,0,0,1.1,1.1,1191,1199,77,1325,0x278,14612,21,0,2305,0,0,0,0
2026/06/01 10:17:40,PV Charge + Grid on,326.6,6.2,2.9,53.4,46%,2387,0,0,1920,0,242.7,26.1,2,59.99,373,0,1,243.9,5192.9,1546.6,59.99,0,0,0,0,399,3.6,0,0,6.1,0,2.1,5,0,0,4.8,5088,2.1,0.6,5273.8,824.6,2577.5,2196.2,1.1,1802,4711.8,0x0,0x0,42,47,44,40.2,2,373.3,323.4,100,200,56,45,0x00,0x00,0x00,0x00,0x00,0xC0,0x00,0x00,0x00,0x00,0x03,0x2C00,34.9,0x00,0x00,3.339,3.337,26,25,0,525,53.4,186.8,0,0,0,0,0,100%,121.3,121.4,0,0,0,0,0,0,1.1,1.1,1189,1197,77,1581,0x278,14612,21,0,2305,0,0,0,0
2026/06/01 10:21:42,PV Charge + Grid on,325.5,8.5,3,53.4,47%,2442,0,0,1963,0,244.2,26.1,2,60.01,393,0,1,246.1,5192.9,1546.6,60.01,0,0,0,0,393,3.8,0,0,6.1,0,2.2,5,0,0,4.8,5088.2,2.1,0.6,5273.8,824.6,2577.6,2196.2,1.1,1802,4711.8,0x0,0x0,42,47,44,40.4,2,375.4,323.5,100,200,56,45,0x00,0x00,0x00,0x00,0x00,0xC0,0x00,0x00,0x00,0x00,0x03,0x2C00,36.1,0x00,0x00,3.339,3.337,26,25,0,525,53.4,187.9,0,0,0,0,0,100%,122.5,122.6,0,0,0,0,0,0,1.1,1.1,1197,1206,77,1581,0x278,14612,21,0,2305,0,0,0,0
2026/06/01 10:25:44,PV Charge + Grid on,323.1,9.1,3.1,53.4,48%,2464,1,0,1968,0,244.8,26.1,2,59.99,327,0,1,245.9,5192.9,1546.6,59.99,0,0,0,0,372,3.9,0,0,6.2,0,2.3,5,0,0,4.8,5088.3,2.1,0.6,5273.9,824.6,2577.7,2196.2,1.1,1802,4711.8,0x0,0x0,42,47,44,40.7,2,375.1,323.8,100,200,56,45,0x00,0x00,0x00,0x00,0x00,0xC0,0x00,0x00,0x00,0x00,0x03,0x2C00,36.2,0x00,0x00,3.34,3.338,27,26,0,525,53.4,187.7,0,0,0,0,0,100%,122,122.1,0,0,0,0,0,0,1.1,1.1,1197,1205,77,1581,0x278,14612,21,0,2305,0,0,0,0
2026/06/01 10:29:44,PV Charge + Grid on,324.2,8.9,3.1,53.3,49%,2556,1,0,1490,0,244.6,26.1,2,60.01,1008,0,1,245.9,5192.9,1546.6,60.01,0,0,0,0,906,4.1,0,0,6.2,0,2.4,5,0,0,4.8,5088.5,2.1,0.6,5273.9,824.6,2577.8,2196.2,1.1,1802,4711.8,0x0,0x0,42,47,45,40.8,2,374.8,322.2,100,200,56,45,0x00,0x00,0x00,0x00,0x00,0xC0,0x00,0x00,0x00,0x00,0x03,0x2C00,26.7,0x00,0x00,3.333,3.331,27,26,0,525,53.3,187.6,0,0,0,0,0,100%,122.5,122.1,0,0,0,0,0,0,1.1,1.1,1197,1203,77,1069,0x278,14612,21,0,2305,0,0,0,0
2026/06/01 10:33:46,PV Charge + Grid on,322.5,9.1,3.1,53.3,50%,2615,1,0,1514,0,243.8,26.1,2,60,998,0,1,245,5192.9,1546.6,60,0,0,0,0,1037,4.3,0,0,6.3,0,2.5,5,0,0,4.8,5088.7,2.1,0.6,5274,824.6,2577.9,2196.2,1.1,1802,4711.8,0x0,0x0,42,47,45,40.9,2,374.6,322.4,100,200,56,45,0x00,0x00,0x00,0x00,0x00,0xC0,0x00,0x00,0x00,0x00,0x03,0x2C00,27.8,0x00,0x00,3.334,3.332,27,26,0,525,53.3,187.5,0,0,0,0,0,100%,122,121.7,0,0,0,0,0,0,1.1,1.1,1197,1201,77,1069,0x278,14612,21,0,2305,0,0,0,0
2026/06/01 10:37:49,PV Charge + Grid on,320.9,9.3,3.1,53.4,51%,2645,1,0,2134,0,244,26.1,2,60,426,0,1,245,5192.9,1546.6,60,0,0,0,0,346,4.5,0,0,6.3,0,2.7,5,0,0,4.8,5088.9,2.1,0.6,5274,824.6,2578.1,2196.2,1.1,1802,4711.8,0x0,0x0,42,47,46,41,2,375,324,100,200,56,45,0x00,0x00,0x00,0x00,0x00,0xC0,0x00,0x00,0x00,0x00,0x03,0x2C00,39.4,0x00,0x00,3.342,3.34,27,26,0,525,53.5,187.7,0,0,0,0,0,100%,121.8,122.1,0,0,0,0,0,0,1.1,1.1,1196,1205,77,1581,0x278,14612,21,0,2305,0,0,0,0
2026/06/01 10:41:52,PV Charge + Grid on,320.6,9.2,3.1,53.4,52%,2723,1,0,2264,0,243.9,26.1,2,60,388,0,1,245,5192.9,1546.6,60,0,0,0,0,387,4.6,0,0,6.4,0,2.8,5,0,0,4.8,5089,2.1,0.6,5274.1,824.6,2578.2,2196.2,1.1,1802,4711.8,0x0,0x0,43,48,46,41.3,2,374.8,324.4,100,200,56,45,0x00,0x00,0x00,0x00,0x00,0xC0,0x00,0x00,0x00,0x00,0x03,0x2C00,40.5,0x00,0x00,3.345,3.342,27,26,0,525,53.5,187.6,0,0,0,0,0,100%,121.8,121.9,0,0,0,0,0,0,1.1,1.1,1198,1207,77,1581,0x278,14612,21,0,2305,0,0,0,0
2026/06/01 10:45:53,PV Charge + Grid on,323.4,9.3,3.2,53.5,54%,2760,1,0,2260,0,244.3,26.1,2,60.01,419,0,1,244.8,5192.9,1546.6,60.01,0,0,0,0,359,4.8,0,0,6.4,0,3,5,0,0,4.8,5089.2,2.1,0.6,5274.1,824.6,2578.4,2196.2,1.1,1802,4711.8,0x0,0x0,43,48,46,41.5,2,374.6,324.5,100,200,56,45,0x00,0x00,0x00,0x00,0x00,0xC0,0x00,0x00,0x00,0x00,0x03,0x2C00,41.6,0x00,0x00,3.346,3.343,27,26,0,525,53.5,187.5,0,0,0,0,0,100%,121.6,122.1,0,0,0,0,0,0,1.1,1.1,1191,1203,77,1581,0x278,14612,21,0,2305,0,0,0,0
2026/06/01 10:49:56,PV Charge + Grid on,319.4,9.7,3.2,53.5,55%,2817,1,0,2340,0,244.2,26.1,2,60.02,411,0,1,245.4,5192.9,1546.6,60.02,0,0,0,0,352,5,0,0,6.4,0,3.1,5,0,0,4.8,5089.4,2.1,0.6,5274.1,824.6,2578.5,2196.2,1.1,1802,4711.8,0x0,0x0,43,48,46,41.9,2,374.6,324.8,100,200,56,45,0x00,0x00,0x00,0x00,0x00,0xC0,0x00,0x00,0x00,0x00,0x03,0x2C00,42.5,0x00,0x00,3.348,3.345,28,27,0,525,53.6,187.5,0,0,0,0,0,100%,121.8,122.3,0,0,0,0,0,0,1.1,1.1,1196,1208,77,1837,0x278,14612,21,0,2305,0,0,0,0
2026/06/01 10:53:57,PV Charge + Grid on,318,9.7,3.2,53.5,57%,2856,1,0,2158,0,242.9,26.1,2,60,570,0,1,244.1,5192.9,1546.6,60,0,0,0,0,592,5.2,0,0,6.5,0,3.3,5,0,0,4.8,5089.6,2.1,0.6,5274.2,824.6,2578.7,2196.2,1.1,1802,4711.8,0x0,0x0,40,48,46,42.1,2,373.5,324.6,100,200,56,45,0x00,0x00,0x00,0x00,0x00,0xC0,0x00,0x00,0x00,0x00,0x03,0x2C00,39.3,0x00,0x00,3.346,3.344,28,27,0,525,53.5,187,0,0,0,0,0,100%,121.3,121.7,0,0,0,0,0,0,1.1,1.1,1193,1203,77,1581,0x278,14612,21,0,2305,0,0,0,0
2026/06/01 10:57:58,PV Charge + Grid on,316,9.7,3.3,53.5,58%,2899,1,0,2204,0,242.9,26.1,2,60,597,0,1,244.1,5192.9,1546.6,60,0,0,0,0,566,5.4,0,0,6.5,0,3.4,5,0,0,4.8,5089.8,2.1,0.6,5274.2,824.6,2578.8,2196.2,1.1,1802,4711.8,0x0,0x0,40,49,47,42.3,2,373.6,324.7,100,200,56,45,0x00,0x00,0x00,0x00,0x00,0xC0,0x00,0x00,0x00,0x00,0x03,0x2C00,40.2,0x00,0x00,3.349,3.345,28,27,0,525,53.6,187,0,0,0,0,0,100%,121.3,121.4,0,0,0,0,0,0,1.1,1.1,1190,1198,77,1581,0x278,14612,21,0,2305,0,0,0,0
2026/06/01 11:02:00,PV Charge + Grid on,318.4,9.7,3.4,53.5,59%,2920,1,0,2222,0,244,26.1,2,59.97,626,0,1,245.9,5192.9,1546.6,59.97,0,0,0,0,666,5.6,0,0,6.5,0,3.6,5,0,0,4.8,5090,2.1,0.6,5274.2,824.6,2579,2196.2,1.1,1802,4711.8,0x0,0x0,40,49,47,42.5,2,374.6,325.1,100,200,56,45,0x00,0x00,0x00,0x00,0x00,0xC0,0x00,0x00,0x00,0x00,0x03,0x2C00,40.7,0x00,0x00,3.35,3.347,28,27,0,525,53.6,187.5,0,0,0,0,0,100%,122.2,122.3,0,0,0,0,0,0,1.1,1.1,1197,1205,77,1837,0x278,14612,21,0,2305,0,0,0,0
2026/06/01 11:06:02,PV Charge + Grid on,316.2,9.7,3.5,53.6,61%,2943,1,0,2250,0,243.8,26.1,2,60,563,0,1,245,5192.9,1546.6,60,0,0,0,0,464,5.8,0,0,6.6,0,3.7,5,0,0,4.8,5090.2,2.1,0.6,5274.3,824.6,2579.1,2196.2,1.1,1802,4711.8,0x0,0x0,41,49,47,42.8,2,375.1,325.3,100,200,56,45,0x00,0x00,0x00,0x00,0x00,0xC0,0x00,0x00,0x00,0x00,0x03,0x2C00,40.6,0x00,0x00,3.353,3.349,28,27,0,525,53.6,187.8,0,0,0,0,0,100%,121.8,122.1,0,0,0,0,0,0,1.1,1.1,1198,1209,77,1581,0x278,14612,21,0,2305,0,0,0,0
2026/06/01 11:10:04,PV Charge + Grid on,314,9.5,3.5,53.6,62%,3032,1,0,2363,0,244.3,26.1,2,60.01,610,0,1,244.8,5192.9,1546.6,60.01,0,0,0,0,504,6,0,0,6.6,0,3.9,5,0,0,4.8,5090.4,2.1,0.6,5274.3,824.6,2579.3,2196.2,1.1,1802,4711.8,0x0,0x0,41,49,47,42.9,2,374.7,325.5,100,200,56,45,0x00,0x00,0x00,0x00,0x00,0xC0,0x00,0x00,0x00,0x00,0x03,0x2C00,42.2,0x00,0x00,3.356,3.351,28,27,0,525,53.7,187.5,0,0,0,0,0,100%,121.6,122.1,0,0,0,0,0,0,1.1,1.1,1194,1208,77,1837,0x278,14612,21,0,2305,0,0,0,0
2026/06/01 11:14:05,PV Charge + Grid on,311.9,9.2,3.5,53.7,64%,3038,1,0,2281,0,244.3,26.1,2,60.01,650,0,1,244.6,5192.9,1546.6,60.01,0,0,0,0,585,6.2,0,0,6.7,0,4,5,0,0,4.8,5090.6,2.1,0.6,5274.4,824.6,2579.4,2196.2,1.1,1802,4711.8,0x0,0x0,41,50,48,43.2,2,374.4,325.9,100,200,56,45,0x00,0x00,0x00,0x00,0x00,0xC0,0x00,0x00,0x00,0x00,0x03,0x2C00,43.1,0x00,0x00,3.361,3.355,29,28,0,525,53.7,187.4,0,0,0,0,0,100%,121.8,121.9,0,0,0,0,0,0,1.1,1.1,1193,1202,77,1837,0x278,14612,21,0,2305,0,0,0,0
2026/06/01 11:18:07,PV Charge + Grid on,310.3,9.2,3.6,53.7,65%,3099,1,0,2431,0,243.8,26.1,2,60,607,0,1,245,5192.9,1546.6,60,0,0,0,0,592,6.4,0,0,6.7,0,4.2,5,0,0,4.8,5090.8,2.1,0.6,5274.4,824.6,2579.6,2196.2,1.1,1802,4711.8,0x0,0x0,41,50,48,43.4,2,374.6,326.5,100,200,56,45,0x00,0x00,0x00,0x00,0x00,0xC0,0x00,0x00,0x00,0x00,0x03,0x2C00,43.9,0x00,0x00,3.366,3.359,29,28,0,525,53.8,187.5,0,0,0,0,0,100%,121.8,121.9,0,0,0,0,0,0,1.1,1.1,1194,1203,77,1837,0x278,14612,21,0,2305,0,0,0,0
2026/06/01 11:22:09,PV Charge + Grid on,312,9,3.6,53.8,67%,3095,1,0,2422,0,243.3,26.1,2,60,559,0,1,245.2,5192.9,1546.6,60,0,0,0,0,575,6.6,0,0,6.7,0,4.3,5,0,0,4.8,5091,2.1,0.6,5274.4,824.6,2579.7,2196.2,1.1,1802,4711.8,0x0,0x0,42,50,48,40.1,2,374.4,327,100,200,56,45,0x00,0x00,0x00,0x00,0x00,0xC0,0x00,0x00,0x00,0x00,0x03,0x2C00,43.4,0x00,0x00,3.371,3.363,29,28,0,525,53.9,187.4,0,0,0,0,0,100%,121.8,122.1,0,0,0,0,0,0,1.1,1.1,1192,1202,77,1837,0x278,14612,21,0,2305,0,0,0,0
2026/06/01 11:26:11,PV Charge + Grid on,312,9.3,3.6,53.9,68%,3150,1,0,2518,0,243,26.1,2,60,527,0,1,244.8,5192.9,1546.6,60,0,0,0,0,563,6.8,0,0,6.8,0,4.5,5,0,0,4.8,5091.2,2.1,0.6,5274.5,824.6,2579.9,2196.2,1.1,1802,4711.8,0x0,0x0,42,50,49,40.3,2,373.6,327.6,100,200,56,45,0x00,0x00,0x00,0x00,0x00,0xC0,0x00,0x00,0x00,0x00,0x03,0x2C00,44.8,0x00,0x00,3.375,3.369,29,28,0,525,54,187,0,0,0,0,0,100%,121.6,121.4,0,0,0,0,0,0,1.1,1.1,1192,1199,77,1837,0x278,14612,21,0,2305,0,0,0,0
2026/06/01 11:30:14,PV Charge + Grid on,309.1,9,3.6,53.9,70%,3189,1,0,2471,0,243,26.1,2,60.03,577,0,1,244.8,5192.9,1546.6,60.03,0,0,0,0,555,7,0,0,6.8,0,4.7,5,0,0,4.8,5091.4,2.1,0.6,5274.5,824.6,2580.1,2196.2,1.1,1802,4711.8,0x0,0x0,42,51,49,40.5,2,373.7,327.9,100,200,56,45,0x00,0x00,0x00,0x00,0x00,0xC0,0x00,0x00,0x00,0x00,0x03,0x2C00,45.6,0x00,0x00,3.377,3.373,29,28,0,525,54,187.1,0,0,0,0,0,100%,121.3,121.7,0,0,0,0,0,0,1.1,1.1,1193,1205,77,1837,0x278,14612,21,0,2305,0,0,0,0
2026/06/01 11:34:16,PV Charge + Grid on,310.4,9.1,3.6,54,71%,3184,1,0,2532,0,244.6,26.1,2,60,561,0,1,245.7,5192.9,1546.6,60,0,0,0,0,591,7.2,0,0,6.8,0,4.9,5,0,0,4.8,5091.6,2.1,0.6,5274.5,824.6,2580.3,2196.2,1.1,1802,4711.8,0x0,0x0,42,51,49,40.8,2,375.9,328,100,200,56,45,0x00,0x00,0x00,0x00,0x00,0xC0,0x00,0x00,0x00,0x00,0x03,0x2C00,45.4,0x00,0x00,3.377,3.374,29,28,0,525,54,188.2,0,0,0,0,0,100%,122.5,122.8,0,0,0,0,0,0,1.1,1.1,1197,1209,77,1837,0x278,14612,21,0,2305,0,0,0,0
2026/06/01 11:38:18,PV Charge + Grid on,309.1,8.5,3.6,54,73%,3256,0,0,2584,0,245.2,26.1,2,60.01,578,0,1,245.7,5192.9,1546.6,60.01,0,0,0,0,489,7.5,0,0,6.9,0,5,5,0,0,4.8,5091.9,2.1,0.6,5274.6,824.6,2580.4,2196.2,1.1,1802,4711.8,0x0,0x0,42,51,49,40.9,2,376.3,328.2,100,200,56,45,0x00,0x00,0x00,0x00,0x00,0xC0,0x00,0x00,0x00,0x00,0x03,0x2C00,46.3,0x00,0x00,3.379,3.376,30,28,0,525,54.1,188.3,0,0,0,0,0,100%,122.2,122.3,0,0,0,0,0,0,1.1,1.1,1202,1210,77,1837,0x278,14612,21,0,2305,0,0,0,0
2026/06/01 11:42:21,PV Charge + Grid on,305.1,6,3.7,54,74%,3234,0,0,2561,0,244.7,26.1,2,60.03,575,0,1,245.7,5192.9,1546.6,60.03,0,0,0,0,536,7.7,0,0,6.9,0,5.2,5,0,0,4.8,5092.1,2.1,0.6,5274.6,824.6,2580.6,2196.2,1.1,1802,4711.8,0x0,0x0,43,51,50,41.1,2,376.3,328.4,100,200,56,45,0x00,0x00,0x00,0x00,0x00,0xC0,0x00,0x00,0x00,0x00,0x03,0x2C00,46.2,0x00,0x00,3.38,3.376,30,28,0,525,54.1,188.3,0,0,0,0,0,100%,122.5,122.8,0,0,0,0,0,0,1.1,1.1,1198,1208,77,1837,0x278,14612,21,0,2305,0,0,0,0
2026/06/01 11:46:22,PV Charge + Grid on,306.3,3.6,3.6,54,76%,3273,0,0,2608,0,244.3,26.1,2,60.02,556,0,1,246.1,5192.9,1546.6,60.02,0,0,0,0,494,7.9,0,0,7,0,5.4,5,0,0,4.8,5092.3,2.1,0.6,5274.7,824.6,2580.8,2196.2,1.1,1802,4711.8,0x0,0x0,43,52,50,41.3,2,376,328.4,100,200,56,45,0x00,0x00,0x00,0x00,0x00,0xC0,0x00,0x00,0x00,0x00,0x03,0x2C00,46.8,0x00,0x00,3.381,3.377,30,29,0,525,54.1,188.2,0,0,0,0,0,100%,122,122.3,0,0,0,0,0,0,1.1,1.1,1200,1210,77,1837,0x278,14612,21,0,2305,0,0,0,0
2026/06/01 11:50:25,PV Charge + Grid on,310.3,3.6,3.6,54,77%,3351,0,0,2667,0,244.9,26.1,2,60.01,552,0,1,245.4,5192.9,1546.6,60.01,0,0,0,0,549,8.1,0,0,7,0,5.5,5,0,0,4.8,5092.5,2.1,0.6,5274.7,824.6,2580.9,2196.2,1.1,1802,4711.8,0x0,0x0,43,52,50,41.5,2,375.5,328.7,100,200,56,45,0x00,0x00,0x00,0x00,0x00,0xC0,0x00,0x00,0x00,0x00,0x03,0x2C00,48.5,0x00,0x00,3.383,3.379,30,29,0,525,54.1,188,0,0,0,0,0,100%,122.2,122.1,0,0,0,0,0,0,1.1,1.1,1201,1208,77,2093,0x278,14612,21,0,2305,0,0,0,0
2026/06/01 11:54:25,PV Charge + Grid on,308.8,3.8,3.6,54,79%,3338,0,0,2672,0,243.3,26.1,2,60.01,548,0,1,244.6,5192.9,1546.6,60.01,0,0,0,0,537,8.3,0,0,7,0,5.7,5,0,0,4.8,5092.7,2.1,0.6,5274.7,824.6,2581.1,2196.2,1.1,1802,4711.8,0x0,0x0,43,52,50,41.8,2,374.1,328.9,100,200,56,45,0x00,0x00,0x00,0x00,0x00,0xC0,0x00,0x00,0x00,0x00,0x03,0x2C00,48.3,0x00,0x00,3.383,3.38,30,29,0,525,54.2,187.3,0,0,0,0,0,100%,121.3,121.9,0,0,0,0,0,0,1.1,1.1,1191,1205,77,1837,0x278,14612,21,0,2305,0,0,0,0
2026/06/01 11:58:29,PV Charge + Grid on,308.6,4.4,3.5,54.1,81%,3401,0,0,2708,0,243.6,26.1,2,60,584,0,1,244.8,5192.9,1546.6,60,0,0,0,0,630,8.6,0,0,7.1,0,5.9,5,0,0,4.8,5093,2.1,0.6,5274.8,824.6,2581.3,2196.2,1.1,1802,4711.8,0x0,0x0,43,52,51,41.9,2,374.2,329.1,100,200,56,45,0x00,0x00,0x00,0x00,0x00,0xC0,0x00,0x00,0x00,0x00,0x03,0x2C00,50,0x00,0x00,3.385,3.381,30,29,0,525,54.2,187.3,0,0,0,0,0,100%,121.6,121.9,0,0,0,0,0,0,1.1,1.1,1192,1205,77,2093,0x278,14612,21,0,2305,0,0,0,0
2026/06/01 12:02:31,PV Charge + Grid on,303.6,3.4,3.5,54.1,82%,3409,0,0,2891,0,243.7,26.1,2,59.99,399,0,1,244.8,5192.9,1546.6,59.99,0,0,0,0,373,8.8,0,0,7.1,0,6.1,5,0,0,4.8,5093.2,2.1,0.6,5274.8,824.6,2581.5,2196.2,1.1,1802,4711.8,0x0,0x0,44,53,51,42.2,2,374.7,329.5,100,200,56,45,0x00,0x00,0x00,0x00,0x00,0xC0,0x00,0x00,0x00,0x00,0x03,0x2C00,52.5,0x00,0x00,3.389,3.385,30,29,0,525,54.2,187.6,0,0,0,0,0,100%,122,122.3,0,0,0,0,0,0,1.1,1.1,1197,1207,77,2093,0x278,14612,21,0,2305,0,0,0,0
2026/06/01 12:06:32,PV Charge + Grid on,301.8,3.3,3.5,54.1,84%,3421,0,0,2890,0,243.7,26.1,2,59.97,413,0,1,244.8,5192.9,1546.6,59.97,0,0,0,0,399,9,0,0,7.1,0,6.3,5,0,0,4.8,5093.4,2.1,0.6,5274.8,824.6,2581.7,2196.2,1.1,1802,4711.8,0x0,0x0,44,53,51,42.4,2,374.6,329.7,100,200,56,45,0x00,0x00,0x00,0x00,0x00,0xC0,0x00,0x00,0x00,0x00,0x03,0x2C00,52.5,0x00,0x00,3.39,3.386,30,29,0,525,54.3,187.5,0,0,0,0,0,100%,121.6,122.1,0,0,0,0,0,0,1.1,1.1,1192,1205,77,2093,0x278,14612,21,0,2305,0,0,0,0
2026/06/01 12:10:35,PV Charge + Grid on,305.5,3.2,3.5,54.2,86%,3436,0,0,2943,0,245.8,26.1,2,59.96,394,0,1,246.1,5192.9,1546.6,59.96,0,0,0,0,394,9.3,0,0,7.1,0,6.5,5,0,0,4.8,5093.7,2.1,0.6,5274.8,824.6,2581.9,2196.2,1.1,1802,4711.8,0x0,0x0,44,54,51,42.6,2,376.5,329.9,100,200,56,45,0x00,0x00,0x00,0x00,0x00,0xC0,0x00,0x00,0x00,0x00,0x03,0x2C00,52.3,0x00,0x00,3.392,3.388,30,29,0,525,54.3,188.4,0,0,0,0,0,100%,122.2,122.8,0,0,0,0,0,0,1.1,1.1,1199,1211,77,2093,0x278,14612,21,0,2305,0,0,0,0
2026/06/01 12:14:35,PV Charge + Grid on,301.2,3.3,3.4,54.2,88%,3469,0,0,2992,0,243.6,26.1,2,60,382,0,1,244.6,5192.9,1546.6,60,0,0,0,0,353,9.5,0,0,7.2,0,6.7,5,0,0,4.8,5093.9,2.1,0.6,5274.9,824.6,2582.1,2196.2,1.1,1802,4711.8,0x0,0x0,45,54,51,42.9,2,374.4,330.3,100,200,56,45,0x00,0x00,0x00,0x00,0x00,0xC0,0x00,0x00,0x00,0x00,0x03,0x2C00,52.7,0x00,0x00,3.395,3.39,30,29,0,525,54.3,187.4,0,0,0,0,0,100%,121.3,122.1,0,0,0,0,0,0,1.1,1.1,1191,1205,77,2349,0x278,14612,21,0,2305,0,0,0,0
2026/06/01 12:18:37,PV Charge + Grid on,303.1,3.4,3.5,54.2,89%,3524,0,0,2853,0,243.8,26.1,2,60.01,582,0,1,244.3,5192.9,1546.6,60.01,0,0,0,0,581,9.7,0,0,7.2,0,6.9,5,0,0,4.8,5094.1,2.1,0.6,5274.9,824.6,2582.3,2196.2,1.1,1802,4711.8,0x0,0x0,45,54,52,43.1,2,373.7,330,100,200,56,45,0x00,0x00,0x00,0x00,0x00,0xC0,0x00,0x00,0x00,0x00,0x03,0x2C00,51,0x00,0x00,3.395,3.391,31,29,0,525,54.3,187,0,0,0,0,0,100%,121.6,122.1,0,0,0,0,0,0,1.1,1.1,1190,1201,77,2093,0x278,14612,21,0,2305,0,0,0,0
2026/06/01 12:22:40,PV Charge + Grid on,302.7,3.4,3.4,54.3,91%,3544,0,0,2890,0,242.7,26.1,2,59.99,552,0,1,243.9,5192.9,1546.6,59.99,0,0,0,0,630,10,0,0,7.2,0,7.1,5,0,0,4.8,5094.4,2.1,0.6,5274.9,824.6,2582.5,2196.2,1.1,1802,4711.8,0x0,0x0,45,54,52,43.3,2,373.3,330.5,100,200,56,45,0x00,0x00,0x00,0x00,0x00,0xC0,0x00,0x00,0x00,0x00,0x03,0x2C00,50.8,0x00,0x00,3.399,3.395,31,29,0,525,54.4,186.8,0,0,0,0,0,100%,121.1,121.7,0,0,0,0,0,0,1.1,1.1,1188,1200,77,2093,0x278,14612,21,0,2305,0,0,0,0
2026/06/01 12:26:41,PV Charge + Grid on,303.2,3.2,3.4,54.4,93%,3565,0,0,2905,0,242.5,26.1,2,60,548,0,1,243.7,5192.9,1546.6,60,0,0,0,0,587,10.2,0,0,7.3,0,7.3,5,0,0,4.8,5094.6,2.1,0.6,5275,824.6,2582.7,2196.2,1.1,1802,4711.8,0x0,0x0,45,55,52,43.4,2,373.4,331,100,200,56,45,0x00,0x00,0x00,0x00,0x00,0xC0,0x00,0x00,0x00,0x00,0x03,0x2C00,51.8,0x00,0x00,3.405,3.399,31,29,0,525,54.5,186.9,0,0,0,0,0,100%,121.3,121.2,0,0,0,0,0,0,1.1,1.1,1191,1201,77,2093,0x278,14612,21,0,2305,0,0,0,0
2026/06/01 12:30:43,PV Charge + Grid on,302.9,3.3,3.4,54.5,95%,3591,0,0,2753,0,243.8,26.1,2,60.01,721,0,1,245.7,5192.9,1546.6,60.01,0,0,139,0,587,10.4,0,0,7.3,0,7.5,5,0,0,4.8,5094.8,2.1,0.6,5275,824.6,2582.9,2196.2,1.1,1802,4711.8,0x0,0x0,45,55,53,43.6,2,375,331.4,50,200,56,45,0x00,0x00,0x00,0x00,0x00,0xC0,0x00,0x00,0x00,0x00,0x03,0x2C00,49.3,0x00,0x00,3.411,3.406,31,30,0,525,54.6,187.7,0,0,0,0,0,100%,121.8,121.9,0,0,0,0,0,0,1.1,1.1,1196,1203,77,2093,0x478,14612,21,0,2305,0,0,0,0
2026/06/01 12:34:45,PV Charge + Grid on,303.5,3.2,3.4,54.7,96%,3601,0,0,2765,0,244,26.1,2,59.98,709,0,1,245.9,5192.9,1546.6,59.98,0,0,119,0,588,10.7,0,0,7.4,0,7.6,5,0,0,4.8,5095.1,2.1,0.6,5275.1,824.6,2583,2196.2,1.1,1802,4711.8,0x0,0x0,45,55,53,43.7,2,375.1,332.8,50,200,56,45,0x00,0x00,0x00,0x00,0x00,0xC0,0x00,0x00,0x00,0x00,0x03,0x2C00,49.3,0x00,0x00,3.426,3.419,31,30,0,525,54.8,187.7,0,0,0,0,0,100%,121.8,122.1,0,0,0,0,0,0,1.1,1.1,1200,1208,77,2093,0x478,14612,21,0,2305,0,0,0,0
2026/06/01 12:38:48,PV Charge + Grid on,305.1,3.3,3.4,55.1,98%,3637,0,0,1668,0,244.2,26.1,2,60.01,1839,0,1,245.4,5192.9,1546.6,60.01,0,0,1251,0,518,10.9,0,0,7.4,0,7.8,5,0,0,4.8,5095.3,2.1,0.6,5275.1,824.6,2583.2,2196.2,1.1,1802,4711.8,0x0,0x0,45,55,53,43.7,2,375.5,333.7,30,200,56,45,0x00,0x00,0x00,0x00,0x00,0xC0,0x00,0x00,0x00,0x00,0x03,0x2C00,29.3,0x00,0x00,3.456,3.447,31,30,0,525,55.1,187.9,0,0,0,0,0,100%,122,122.1,0,0,0,0,0,0,1.1,1.1,1197,1206,77,1325,0x478,14612,21,0,2305,0,0,0,0
2026/06/01 12:42:49,PV Grid on,307,3.2,3.5,55.8,100%,3668,0,0,0,0,244.7,26.1,2,59.97,3541,0,1,245.9,5192.9,1546.6,59.97,0,0,3097,0,436,11.2,0,0,7.6,0,7.9,5,0,0.1,4.8,5095.6,2.1,0.6,5275.3,824.6,2583.3,2196.2,1.1,1802.1,4711.8,0x0,0x0,45,54,55,43.5,2,376.1,335.2,0,200,56,45,0x00,0x00,0x00,0x00,0x00,0x40,0x00,0x00,0x00,0x00,0x02,0x1C00,4.3,0x00,0x00,3.505,3.471,31,30,0,525,55.7,188.2,0,0,0,0,0,100%,122.2,122.6,0,0,0,0,0,0,1.1,1.1,1200,1209,77,45,0x78,18956,21,0,2305,0,0,0,0
2026/06/01 12:46:51,PV Charge + Grid on,307.7,3.3,3.5,55.2,100%,3682,0,0,118,0,245.8,26.1,2,59.98,3415,0,1,247.7,5192.9,1546.6,59.98,0,0,2978,0,397,11.4,0,0,7.8,0,7.9,5,0,0.3,4.8,5095.8,2.1,0.6,5275.5,824.6,2583.3,2196.2,1.1,1802.3,4711.8,0x0,0x0,45,54,56,43.3,2,375,336.9,5,200,56,45,0x00,0x00,0x00,0x00,0x00,0xC0,0x00,0x00,0x00,0x00,0x03,0x2C00,1.6,0x00,0x00,3.515,3.436,31,30,0,525,56,187.7,0,0,0,0,0,100%,122.9,123,0,0,0,0,0,0,1.1,1.1,1207,1216,77,45,0x478,12036,21,0,2305,0,0,0,0
2026/06/01 12:50:51,PV Charge + Grid on,305.5,3.3,3.4,55.1,100%,3714,0,0,117,0,244.3,26.1,2,59.99,3523,0,1,245.4,5192.9,1546.6,59.99,0,0,3137,0,386,11.7,0,0,8,0,7.9,5,0,0.5,4.8,5096.1,2.1,0.6,5275.7,824.6,2583.3,2196.2,1.1,1802.5,4711.8,0x0,0x0,44,54,57,43.1,2,374.5,335.5,5,200,56,45,0x00,0x00,0x00,0x00,0x00,0xC0,0x00,0x00,0x00,0x00,0x03,0x2C00,1.2,0x00,0x00,3.513,3.426,31,30,0,525,55.8,187.4,0,0,0,0,0,100%,121.8,122.3,0,0,0,0,0,0,1.1,1.1,1192,1205,77,45,0x478,18956,21,0,2305,0,0,0,0
2026/06/01 12:54:54,PV Grid on,304.5,3.4,3.4,55,100%,3718,0,0,0,0,244.6,26.1,2,59.99,3579,0,1,245.7,5192.9,1546.6,59.99,0,0,2978,0,600,11.9,0,0,8.3,0,7.9,5,0,0.7,4.8,5096.3,2.1,0.6,5276,824.6,2583.3,2196.2,1.1,1802.7,4711.8,0x0,0x0,44,53,58,42.9,2,374.7,332.9,0,200,56,45,0x00,0x00,0x00,0x00,0x00,0x40,0x00,0x00,0x00,0x00,0x02,0x1C00,0,0x00,0x00,3.513,3.421,31,30,0,525,55.3,187.6,0,0,0,0,0,100%,122,122.6,0,0,0,0,0,0,1.1,1.1,1193,1206,77,45,0x78,18956,21,0,2305,0,0,0,0
2026/06/01 12:58:55,PV Charge + Grid on,305.3,3.3,3.4,55,100%,3741,0,0,0,0,244.9,26.1,2,59.99,3600,0,1,246.1,5192.9,1546.6,59.99,0,0,2958,0,616,12.2,0,0,8.5,0,7.9,5,0,0.9,4.8,5096.6,2.1,0.6,5276.2,824.6,2583.3,2196.2,1.1,1802.9,4711.8,0x0,0x0,44,53,59,42.7,2,376.4,336.4,5,200,56,45,0x00,0x00,0x00,0x00,0x00,0xC0,0x00,0x00,0x00,0x00,0x03,0x2C00,-0.6,0x00,0x00,3.512,3.418,31,30,0,525,55.9,188.4,0,0,0,0,0,100%,122.7,123,0,0,0,0,0,0,1.1,1.1,1202,1214,77,45,0x478,12036,21,0,2305,0,0,0,0
2026/06/01 13:02:56,PV Charge + Grid on,307.4,3.2,3.4,55.5,100%,3777,0,0,528,0,244.7,26.1,2,60.01,3080,0,1,245.7,5192.9,1546.6,60.01,0,0,2462,0,552,12.4,0,0,8.8,0,7.9,5,0,1.1,4.8,5096.8,2.1,0.6,5276.5,824.6,2583.3,2196.2,1.1,1803.1,4711.8,0x0,0x0,44,53,59,42.6,2,376.2,334.6,10,200,56,45,0x00,0x00,0x00,0x00,0x00,0xC0,0x00,0x00,0x00,0x00,0x03,0x2C00,10.2,0x00,0x00,3.482,3.446,31,30,0,525,55.5,188.3,0,0,0,0,0,100%,122,122.6,0,0,0,0,0,0,1.1,1.1,1197,1209,77,301,0x478,12036,21,0,2305,0,0,0,0
2026/06/01 13:06:59,PV Charge + Grid on,306.2,3.3,3.4,55.7,100%,3777,0,0,53,0,244.2,26.1,2,59.99,3424,0,1,245.4,5192.9,1546.6,59.99,0,0,2800,0,644,12.7,0,0,9,0,7.9,5,0,1.3,4.8,5097.1,2.1,0.6,5276.7,824.6,2583.3,2196.2,1.1,1803.3,4711.8,0x0,0x0,44,53,59,42.6,2,374.6,336.9,5,200,56,45,0x00,0x00,0x00,0x00,0x00,0xC0,0x00,0x00,0x00,0x00,0x03,0x2C00,-0.7,0x00,0x00,3.512,3.455,31,30,0,525,56,187.4,0,0,0,0,0,100%,121.6,122.1,0,0,0,0,0,0,1.1,1.1,1192,1205,77,45,0x478,12036,21,0,2305,0,0,0,0
2026/06/01 13:11:00,PV Charge + Grid on,305,3.3,3.4,55.7,100%,3756,0,0,41,0,243.7,26.1,2,59.97,3584,0,1,244.8,5192.9,1546.6,59.97,0,0,3018,0,623,12.9,0,0,9.2,0,7.9,5,0,1.5,4.8,5097.3,2.1,0.6,5276.9,824.6,2583.3,2196.2,1.1,1803.5,4711.8,0x0,0x0,44,53,60,42.5,2,374.5,337.5,5,200,56,45,0x00,0x00,0x00,0x00,0x00,0x40,0x00,0x00,0x00,0x00,0x02,0x2C00,1,0x00,0x00,3.513,3.454,31,30,0,525,56.1,187.4,0,0,0,0,0,100%,121.6,121.9,0,0,0,0,0,0,1.1,1.1,1193,1203,77,45,0x478,18956,21,0,2305,0,0,0,0
2026/06/01 13:15:03,PV Charge + Grid on,302.1,3.1,3.4,55.7,100%,3784,0,0,0,0,243.7,26.1,2,59.98,3462,0,1,244.8,5192.9,1546.6,59.98,0,0,2919,0,567,13.2,0,0,9.5,0,7.9,5,0,1.7,4.8,5097.6,2.1,0.6,5277.2,824.6,2583.3,2196.2,1.1,1803.7,4711.8,0x0,0x0,44,53,60,42.5,2,374.5,336.8,5,200,56,45,0x00,0x00,0x00,0x00,0x00,0xC0,0x00,0x00,0x00,0x00,0x03,0x2C00,-0.6,0x00,0x00,3.512,3.452,31,30,0,525,56,187.4,0,0,0,0,0,100%,121.8,121.9,0,0,0,0,0,0,1.1,1.1,1193,1202,77,45,0x478,12036,21,0,2305,0,0,0,0
2026/06/01 13:19:04,PV Grid on,304,3.1,3.4,55.7,100%,3788,0,0,79,0,243.4,26.1,2,60,3614,0,1,244.6,5192.9,1546.6,60,0,0,3177,0,375,13.4,0,0,9.7,0,7.9,5,0,2,4.8,5097.8,2.1,0.6,5277.4,824.6,2583.3,2196.2,1.1,1804,4711.8,0x0,0x0,44,53,60,42.5,2,374.6,335.2,5,200,56,45,0x00,0x00,0x00,0x00,0x00,0x40,0x00,0x00,0x00,0x00,0x02,0x2C00,-0.7,0x00,0x00,3.511,3.451,31,29,0,525,55.7,187.4,0,0,0,0,0,100%,121.8,122.6,0,0,0,0,0,0,1.1,1.1,1196,1209,77,45,0x78,18956,21,0,2305,0,0,0,0
2026/06/01 13:23:07,PV Charge + Grid on,301.1,3.3,3.3,55.6,100%,3798,0,0,100,0,243.1,26.1,2,59.99,3507,0,1,244.3,5192.9,1546.6,59.99,0,0,3157,0,319,13.7,0,0,10,0,8,5,0,2.2,4.8,5098.1,2.1,0.6,5277.7,824.6,2583.4,2196.2,1.1,1804.2,4711.8,0x0,0x0,44,52,61,42.5,2,373.9,336.6,5,200,56,45,0x00,0x00,0x00,0x00,0x00,0xC0,0x00,0x00,0x00,0x00,0x03,0x2C00,-0.6,0x00,0x00,3.511,3.45,31,29,0,525,56,187.1,0,0,0,0,0,100%,120.9,121.9,0,0,0,0,0,0,1.1,1.1,1188,1205,77,45,0x478,12036,21,0,2305,0,0,0,0
2026/06/01 13:27:09,PV Grid on,307.6,3.3,3.3,55.6,100%,3799,0,0,0,0,245,26.1,2,59.98,3658,0,1,246.1,5192.9,1546.6,59.98,0,0,3236,0,402,13.9,0,0,10.2,0,8,5,0,2.4,4.8,5098.3,2.1,0.6,5277.9,824.6,2583.4,2196.2,1.1,1804.4,4711.8,0x0,0x0,44,52,61,42.5,2,375.4,336.5,0,200,56,45,0x00,0x00,0x00,0x00,0x00,0x40,0x00,0x00,0x00,0x00,0x02,0x1C00,0.6,0x00,0x00,3.512,3.448,31,29,0,525,55.9,187.9,0,0,0,0,0,100%,122.2,122.8,0,0,0,0,0,0,1.1,1.1,1199,1212,77,45,0x78,18956,21,0,2305,0,0,0,0
2026/06/01 13:31:11,PV Charge + Grid on,302.8,3.1,3.3,55.6,100%,3788,0,0,26,0,244.5,26.1,2,60,3606,0,1,245.7,5192.9,1546.6,60,0,0,3217,0,366,14.2,0,0,10.4,0,8,5,0,2.6,4.8,5098.6,2.1,0.6,5278.1,824.6,2583.4,2196.2,1.1,1804.6,4711.8,0x0,0x0,44,52,61,42.5,2,374.8,338.3,5,200,56,45,0x00,0x00,0x00,0x00,0x00,0x40,0x00,0x00,0x00,0x00,0x02,0x2C00,-0.6,0x00,0x00,3.51,3.447,31,29,0,525,56.2,187.6,0,0,0,0,0,100%,121.6,122.1,0,0,0,0,0,0,1.1,1.1,1193,1205,77,45,0x78,18956,21,0,2305,0,0,0,0
2026/06/01 13:35:14,PV Grid on,301.2,3.4,3.4,55.6,100%,3799,0,0,0,0,243.9,26.1,2,59.99,3661,0,1,245,5192.9,1546.6,59.99,0,0,3137,0,583,14.5,0,0,10.7,0,8,5,0,2.8,4.8,5098.9,2.1,0.6,5278.4,824.6,2583.4,2196.2,1.1,1804.8,4711.8,0x0,0x0,44,52,61,42.5,2,373.9,336.4,0,200,56,45,0x00,0x00,0x00,0x00,0x00,0xC0,0x00,0x00,0x00,0x00,0x03,0x1C00,0,0x00,0x00,3.512,3.446,31,29,0,525,55.9,187.1,0,0,0,0,0,100%,121.3,121.7,0,0,0,0,0,0,1.1,1.1,1191,1201,77,45,0x278,12036,21,0,2305,0,0,0,0
2026/06/01 13:39:14,PV Charge + Grid on,303.1,3.2,3.4,55.5,100%,3791,0,0,45,0,243.7,26.1,2,60,3608,0,1,244.8,5192.9,1546.6,60,0,0,3038,0,550,14.7,0,0,10.9,0,8,5,0,3,4.8,5099.1,2.1,0.6,5278.6,824.6,2583.4,2196.2,1.1,1805,4711.8,0x0,0x0,44,52,61,42.6,2,374.7,338,5,200,56,45,0x00,0x00,0x00,0x00,0x00,0xC0,0x00,0x00,0x00,0x00,0x03,0x2C00,0.6,0x00,0x00,3.512,3.445,31,29,0,525,56.2,187.5,0,0,0,0,0,100%,122,122.3,0,0,0,0,0,0,1.1,1.1,1198,1208,77,45,0x478,12036,21,0,2305,0,0,0,0
2026/06/01 13:43:17,PV Grid on,305.1,3.3,3.4,55.5,100%,3803,0,0,0,0,244.5,26.1,2,59.98,3658,0,1,245.7,5192.9,1546.6,59.98,0,0,3097,0,622,15,0,0,11.2,0,8,5,0,3.2,4.8,5099.4,2.1,0.6,5278.9,824.6,2583.4,2196.2,1.1,1805.2,4711.8,0x0,0x0,44,52,62,42.6,2,374.7,336.4,0,200,56,45,0x00,0x00,0x00,0x00,0x00,0x40,0x00,0x00,0x00,0x00,0x02,0x1C00,0,0x00,0x00,3.512,3.444,31,29,0,525,55.9,187.5,0,0,0,0,0,100%,121.6,122.3,0,0,0,0,0,0,1.1,1.1,1191,1207,77,45,0x78,18956,21,0,2305,0,0,0,0
2026/06/01 13:47:20,PV Charge + Grid on,304.8,3.1,3.3,55.5,100%,3795,0,0,0,0,243.7,26.1,2,59.99,3477,0,1,244.8,5192.9,1546.6,59.99,0,0,2959,0,549,15.2,0,0,11.4,0,8,5,0,3.4,4.8,5099.6,2.1,0.6,5279.1,824.6,2583.4,2196.2,1.1,1805.4,4711.8,0x0,0x0,44,52,62,42.6,2,375,336.9,5,200,56,45,0x00,0x00,0x00,0x00,0x00,0xC0,0x00,0x00,0x00,0x00,0x03,0x2C00,-0.6,0x00,0x00,3.512,3.443,31,29,0,525,56,187.6,0,0,0,0,0,100%,121.6,122.1,0,0,0,0,0,0,1.1,1.1,1192,1205,77,45,0x478,12036,21,0,2305,0,0,0,0
2026/06/01 13:51:21,PV Grid on,301.9,3.1,3.3,55.5,100%,3774,0,0,0,0,242.8,26.1,2,60.02,3631,0,1,244.6,5192.9,1546.6,60.02,0,0,3038,0,593,15.5,0,0,11.7,0,8,5,0,3.6,4.8,5099.9,2.1,0.6,5279.4,824.6,2583.4,2196.2,1.1,1805.6,4711.8,0x0,0x0,44,52,62,42.7,2,372.2,336.4,0,200,56,45,0x00,0x00,0x00,0x00,0x00,0xC0,0x00,0x00,0x00,0x00,0x03,0x1C00,0,0x00,0x00,3.512,3.442,31,29,0,525,55.9,186.3,0,0,0,0,0,100%,121.6,121.9,0,0,0,0,0,0,1.1,1.1,1190,1198,77,45,0x278,12036,21,0,2305,0,0,0,0
2026/06/01 13:55:23,PV Charge + Grid on,302,3.1,3.3,55.5,100%,3748,0,0,105,0,242.9,26.1,2,59.99,3469,0,1,244.1,5192.9,1546.6,59.99,0,0,3078,0,368,15.7,0,0,11.9,0,8,5,0,3.8,4.8,5100.1,2.1,0.6,5279.6,824.6,2583.4,2196.2,1.1,1805.8,4711.8,0x0,0x0,44,52,62,42.7,2,373.6,336.8,5,200,56,45,0x00,0x00,0x00,0x00,0x00,0xC0,0x00,0x00,0x00,0x00,0x03,0x2C00,-0.7,0x00,0x00,3.512,3.441,31,29,0,525,56,187,0,0,0,0,0,100%,121.6,122.1,0,0,0,0,0,0,1.1,1.1,1189,1201,77,45,0x478,12036,21,0,2305,0,0,0,0
2026/06/01 13:59:24,PV Grid on,303.3,3.3,3.4,55.4,100%,3776,0,0,0,0,243.6,26.1,2,59.98,3637,0,1,243.9,5192.9,1546.6,59.98,0,0,3197,0,377,16,0,0,12.1,0,8,5,0,4,4.8,5100.4,2.1,0.6,5279.8,824.6,2583.4,2196.2,1.1,1806,4711.8,0x0,0x0,44,52,62,42.7,2,373.6,336.4,0,200,56,45,0x00,0x00,0x00,0x00,0x00,0xC0,0x00,0x00,0x00,0x00,0x03,0x1C00,0,0x00,0x00,3.512,3.44,31,29,0,525,55.9,187,0,0,0,0,0,100%,121.6,122.1,0,0,0,0,0,0,1.1,1.1,1188,1201,77,45,0x278,12036,21,0,2305,0,0,0,0
